{"stat.useItem.351":3,"stat.craftItem.340":1,"stat.useItem.355":1,"stat.killEntity.EntityHorse":2,"stat.craftItem.61":4,"stat.craftItem.67":12,"stat.leaveGame":11,"stat.craftItem.339":33,"stat.mineBlock.14":3,"stat.mineBlock.13":109,"stat.mineBlock.16":257,"stat.mineBlock.15":113,"stat.mineBlock.18":21,"stat.mineBlock.17":104,"stat.swimOneCm":139018,"stat.climbOneCm":3639,"achievement.buildWorkBench":9,"stat.craftItem.324":2,"stat.craftItem.325":1,"achievement.exploreAllBiomes":{"value":0,"progress":["Birch Forest Hills","ForestHills","Magical Forest","Roofed Forest","Birch Forest","Flower Forest","Plains","Eerie","Extreme Hills+","River","Forest","Extreme Hills","Swampland"]},"achievement.botania:daybloomPickup":10,"stat.mineBlock.12":247,"tconstruct.smelteryMaker":44,"stat.craftItem.364":20,"ic2.buildElecFurnace":1,"stat.useItem.338":29,"stat.mineBlock.4":63,"stat.mineBlock.5":35,"stat.mineBlock.3":681,"stat.mineBlock.1":803,"achievement.botania:flowerPickup":135,"stat.craftItem.82":21,"stat.killEntity.Enderman":1,"stat.flyOneCm":696955,"stat.craftItem.351":3,"achievement.buildPickaxe":11,"stat.craftItem.355":1,"achievement.buildBetterPickaxe":10,"ic2.mineOre":5,"stat.craftItem.20":16,"stat.craftItem.24":27,"ic2.acquireResin":19,"ic2.acquireRefinedIron":38,"stat.killEntity.Creeper":4,"stat.killEntity.Blitz":1,"tconstruct.beginner":1,"stat.useItem.324":2,"stat.craftItem.35":3,"achievement.buildSword":2,"achievement.mineWood":183,"stat.killEntity.Squid":5,"stat.craftItem.47":2,"stat.craftItem.320":16,"stat.useItem.82":1,"stat.breakItem.274":1,"achievement.openInventory":487,"stat.breakItem.275":1,"stat.mineBlock.161":8,"stat.mineBlock.162":78,"stat.craftItem.44":24,"achievement.killEnemy":84,"achievement.buildFurnace":5,"stat.useItem.98":1,"stat.craftItem.58":7,"stat.deaths":2,"stat.drop":254,"stat.playOneMinute":694633,"stat.craftItem.50":336,"stat.killEntity.Sheep":3,"stat.craftItem.54":20,"stat.mineBlock.170":40,"stat.killEntity.Zombie":44,"stat.craftItem.306":1,"stat.diveOneCm":130126,"stat.craftItem.307":1,"stat.craftItem.308":1,"stat.craftItem.309":1,"stat.useItem.67":12,"stat.useItem.61":5,"achievement.buildHoe":1,"stat.breakItem.256":4,"stat.breakItem.257":6,"ic2.buildCable":41,"stat.mineBlock.82":53,"ic2.buildMacerator":2,"stat.craftItem.297":12,"stat.jump":4896,"stat.fallOneCm":87657,"stat.craftItem.291":1,"achievement.killCow":21,"stat.craftItem.1":24,"stat.mineBlock.98":26,"stat.useItem.295":1,"stat.useItem.44":12,"stat.craftItem.5":400,"stat.damageTaken":26880,"stat.mineBlock.61":3,"stat.useItem.47":2,"stat.mineBlock.67":1,"stat.useItem.54":16,"stat.killEntity.CaveSpider":7,"stat.useItem.50":360,"stat.entityKilledBy.Zombie":1,"stat.damageDealt":29745,"stat.killEntity.Cow":26,"stat.killEntity.Pig":11,"stat.mineBlock.73":27,"stat.useItem.58":12,"stat.useItem.274":338,"stat.useItem.20":3,"stat.craftItem.261":1,"stat.mineBlock.47":7,"stat.craftItem.262":12,"stat.craftItem.263":5,"stat.useItem.275":132,"stat.useItem.154":1,"stat.walkOneCm":2944876,"stat.craftItem.265":98,"stat.blockChiseled":660,"ic2.buildGenerator":1,"stat.craftItem.258":1,"achievement.botania:lexiconUse":11,"stat.useItem.162":16,"stat.mineBlock.44":2,"stat.mineBlock.58":7,"stat.craftItem.374":6,"stat.craftItem.256":5,"stat.craftItem.257":7,"stat.mineBlock.50":23,"stat.craftItem.126":18,"stat.mineBlock.54":1,"stat.useItem.291":69,"stat.killEntity.Skeleton":5,"stat.useItem.256":1050,"stat.useItem.258":289,"stat.useItem.257":1594,"stat.killEntity.Chicken":4,"stat.craftItem.280":92,"stat.craftItem.281":8,"stat.killEntity.Spider":6,"stat.breakItem.306":1,"stat.mobKills":136,"stat.mineBlock.23":1,"stat.craftItem.272":1,"stat.craftItem.393":53,"stat.craftItem.274":3,"stat.mineBlock.38":2,"stat.mineBlock.37":2,"stat.craftItem.154":1,"achievement.acquireIron":39,"stat.useItem.1":18,"stat.useItem.4":455,"stat.useItem.5":67,"stat.craftItem.270":1,"stat.useItem.3":628,"stat.useItem.17":25,"stat.mineBlock.30":3,"stat.useItem.270":38,"stat.useItem.391":8,"stat.mineBlock.32":1,"stat.useItem.13":26,"stat.mineBlock.31":249,"stat.useItem.392":12}