{"stat.craftItem.340":1,"stat.useItem.355":5,"stat.craftItem.61":2,"stat.craftItem.67":6,"stat.leaveGame":33,"stat.craftItem.65":22,"stat.mineBlock.135":1,"stat.craftItem.339":6,"stat.mineBlock.14":20,"stat.mineBlock.13":105,"stat.mineBlock.16":159,"stat.mineBlock.15":82,"stat.mineBlock.18":69,"stat.mineBlock.17":340,"stat.swimOneCm":203855,"stat.useItem.126":3,"stat.climbOneCm":20956,"tconstruct.pattern":2,"achievement.buildWorkBench":4,"achievement.ae2.ChargedQuartz":7,"achievement.exploreAllBiomes":{"value":0,"progress":["Birch Forest Hills","Sunflower Plains","ForestHills","Birch Forest","Flower Forest","Roofed Forest","MushroomIslandShore","Plains","Eerie","Birch Forest M","River","Forest","Desert","Extreme Hills","MushroomIsland","Mining Biome","Swampland"]},"stat.mineBlock.12":416,"tconstruct.smelteryMaker":9,"stat.craftItem.364":12,"stat.craftItem.366":2,"stat.entityKilledBy.Spider":1,"stat.craftItem.85":3,"stat.useItem.338":14,"stat.entityKilledBy.Basalz":1,"stat.mineBlock.4":62,"stat.mineBlock.5":29,"stat.mineBlock.3":1398,"achievement.botania:flowerPickup":34,"stat.mineBlock.1":1100,"stat.mineBlock.6":1,"stat.flyOneCm":688282,"stat.craftItem.353":4,"achievement.buildPickaxe":9,"stat.craftItem.355":1,"stat.killEntity.Witch":1,"stat.craftItem.96":2,"stat.killEntity.MushroomCow":9,"stat.useItem.107":1,"achievement.buildBetterPickaxe":8,"achievement.woodenGear":1,"stat.mineBlock.123":2,"stat.craftItem.107":1,"ic2.mineOre":6,"stat.craftItem.420":1,"stat.craftItem.20":213,"stat.breakItem.299":1,"stat.mineBlock.175":2,"ic2.acquireRefinedIron":5,"stat.killEntity.Creeper":4,"tconstruct.beginner":1,"stat.useItem.323":2,"stat.entityKilledBy.Skeleton":4,"achievement.buildSword":3,"achievement.mineWood":347,"stat.breakItem.270":1,"stat.craftItem.320":9,"stat.breakItem.271":1,"stat.craftItem.323":3,"stat.useItem.85":4,"stat.breakItem.274":2,"achievement.openInventory":1462,"stat.breakItem.273":1,"stat.breakItem.275":1,"stat.craftItem.44":12,"stat.entityKilledBy.Creeper":4,"achievement.killEnemy":55,"achievement.buildFurnace":2,"stat.craftItem.58":4,"stat.deaths":32,"stat.drop":499,"stat.useItem.96":4,"stat.playOneMinute":1029414,"stat.craftItem.50":198,"stat.killEntity.Sheep":7,"stat.craftItem.54":22,"stat.killEntity.Zombie":26,"stat.diveOneCm":101057,"stat.useItem.65":24,"stat.useItem.67":12,"stat.useItem.61":5,"achievement.buildHoe":1,"stat.breakItem.256":3,"stat.breakItem.257":1,"stat.killEntity.Slime":1,"stat.mineBlock.82":31,"stat.craftItem.297":6,"stat.jump":7221,"achievement.stoneGear":1,"stat.fallOneCm":179875,"stat.craftItem.291":1,"achievement.killCow":3,"stat.craftItem.1":223,"achievement.makeBread":6,"stat.useItem.42":1,"stat.useItem.295":3,"stat.craftItem.5":1192,"stat.damageTaken":34674,"stat.mineBlock.61":3,"stat.mineBlock.65":1,"stat.mineBlock.67":4,"stat.useItem.54":28,"stat.useItem.50":227,"stat.entityKilledBy.Zombie":7,"stat.damageDealt":19018,"stat.mineBlock.70":1,"stat.killEntity.Pig":7,"stat.useItem.58":1,"stat.useItem.274":268,"stat.mineBlock.47":15,"stat.useItem.273":149,"stat.useItem.397":3,"stat.useItem.275":119,"stat.mineBlock.48":18,"stat.walkOneCm":4639568,"stat.craftItem.265":78,"stat.craftItem.266":33,"stat.craftItem.267":1,"stat.blockChiseled":1797,"stat.mineBlock.42":1,"stat.craftItem.135":20,"stat.craftItem.256":3,"stat.craftItem.257":1,"stat.mineBlock.50":33,"stat.craftItem.126":54,"stat.mineBlock.106":2,"stat.mineBlock.54":8,"stat.useItem.291":31,"stat.useItem.37":8,"stat.useItem.38":1,"stat.mineBlock.24":12,"stat.killEntity.Skeleton":6,"stat.useItem.135":28,"stat.useItem.256":756,"stat.useItem.257":248,"stat.killEntity.Chicken":2,"stat.craftItem.280":208,"stat.killEntity.Spider":7,"stat.mobKills":86,"stat.useItem.380":3,"stat.mineBlock.20":2,"stat.craftItem.393":15,"stat.craftItem.273":1,"stat.mineBlock.35":1,"stat.useItem.6":5,"stat.craftItem.274":1,"stat.mineBlock.38":6,"stat.mineBlock.37":7,"stat.useItem.12":13,"achievement.acquireIron":6,"stat.useItem.267":56,"stat.useItem.1":203,"stat.useItem.4":427,"stat.useItem.5":21,"stat.craftItem.270":1,"stat.useItem.3":1353,"stat.craftItem.271":1,"stat.useItem.17":1,"stat.useItem.270":60,"stat.useItem.391":13,"stat.mineBlock.31":170,"stat.useItem.390":2,"stat.useItem.271":50,"stat.mineBlock.33":1,"stat.useItem.392":9}