{"stat.craftItem.61":1,"stat.craftItem.67":24,"stat.leaveGame":16,"stat.mineBlock.13":136,"stat.mineBlock.16":24,"stat.mineBlock.15":35,"stat.mineBlock.18":17,"stat.mineBlock.17":186,"stat.swimOneCm":46193,"stat.climbOneCm":415,"achievement.buildWorkBench":7,"stat.craftItem.324":2,"achievement.exploreAllBiomes":{"value":0,"progress":["Birch Forest","Roofed Forest","River","Extreme Hills","Mining Biome","Swampland"]},"stat.mineBlock.12":176,"stat.craftItem.364":3,"stat.mineBlock.4":56,"stat.mineBlock.5":14,"stat.mineBlock.3":406,"achievement.botania:flowerPickup":15,"stat.mineBlock.1":864,"stat.craftItem.82":13,"stat.flyOneCm":58920,"achievement.buildPickaxe":12,"stat.craftItem.98":16,"achievement.buildBetterPickaxe":11,"stat.craftItem.20":39,"ic2.acquireRefinedIron":4,"stat.useItem.324":4,"achievement.mineWood":199,"stat.killEntity.Squid":1,"stat.craftItem.320":13,"stat.useItem.82":13,"stat.breakItem.274":7,"achievement.openInventory":179,"stat.craftItem.42":1,"stat.breakItem.273":1,"stat.breakItem.275":2,"stat.mineBlock.161":2,"stat.mineBlock.162":38,"stat.craftItem.44":18,"stat.entityKilledBy.Creeper":2,"achievement.buildFurnace":2,"stat.craftItem.58":7,"stat.deaths":5,"stat.drop":192,"stat.playOneMinute":302345,"stat.craftItem.50":68,"stat.killEntity.Sheep":5,"stat.craftItem.54":6,"stat.diveOneCm":47437,"stat.useItem.67":21,"stat.useItem.61":2,"stat.breakItem.256":2,"stat.mineBlock.82":50,"stat.jump":1581,"stat.fallOneCm":31852,"stat.craftItem.1":17,"stat.craftItem.5":540,"stat.damageTaken":4465,"stat.mineBlock.61":1,"stat.useItem.54":8,"stat.useItem.50":68,"stat.damageDealt":3375,"stat.killEntity.Cow":2,"stat.killEntity.Pig":9,"stat.useItem.58":1,"stat.useItem.274":916,"stat.useItem.273":135,"stat.craftItem.263":22,"stat.useItem.275":426,"stat.walkOneCm":949898,"stat.craftItem.265":22,"stat.blockChiseled":531,"stat.craftItem.259":1,"stat.mineBlock.58":1,"stat.craftItem.256":3,"stat.craftItem.257":2,"stat.mineBlock.50":5,"stat.mineBlock.54":4,"stat.killEntity.Skeleton":1,"stat.useItem.256":608,"stat.useItem.257":372,"stat.craftItem.280":136,"stat.killEntity.Spider":4,"stat.mobKills":25,"stat.craftItem.273":1,"stat.craftItem.274":9,"stat.useItem.6":1,"stat.craftItem.275":3,"achievement.acquireIron":5,"stat.useItem.1":1,"stat.useItem.4":190,"stat.useItem.5":27,"stat.craftItem.270":1,"stat.craftItem.271":1,"stat.useItem.3":305,"stat.useItem.270":52,"stat.mineBlock.31":49,"stat.useItem.271":29}