{"stat.craftItem.340":0,"stat.useItem.355":1,"stat.useItem.359":33,"stat.craftItem.61":1,"stat.leaveGame":12,"stat.craftItem.339":3,"stat.mineBlock.14":12,"stat.mineBlock.13":141,"stat.mineBlock.16":85,"stat.mineBlock.15":63,"stat.mineBlock.18":18,"stat.mineBlock.17":56,"stat.swimOneCm":37187,"stat.climbOneCm":2451,"achievement.buildWorkBench":1,"stat.craftItem.70":1,"stat.craftItem.324":0,"stat.craftItem.325":0,"achievement.exploreAllBiomes":{"value":0,"progress":["Birch Forest Hills","Eerie","Birch Forest M","Birch Forest","Roofed Forest","River","Desert","Extreme Hills","Swampland"]},"stat.mineBlock.12":66,"stat.entityKilledBy.Spider":1,"stat.useItem.338":8,"stat.mineBlock.3":467,"achievement.botania:flowerPickup":25,"stat.mineBlock.1":472,"stat.craftItem.359":1,"stat.flyOneCm":732067,"stat.craftItem.355":1,"achievement.buildPickaxe":6,"achievement.buildBetterPickaxe":6,"ic2.acquireResin":9,"tconstruct.beginner":2,"stat.useItem.324":2,"stat.entityKilledBy.Skeleton":2,"achievement.mineWood":87,"stat.useItem.86":6,"stat.breakItem.270":1,"stat.breakItem.274":1,"achievement.openInventory":500,"stat.breakItem.273":1,"stat.craftItem.44":0,"stat.entityKilledBy.Creeper":2,"stat.craftItem.58":2,"stat.deaths":17,"stat.drop":312,"stat.playOneMinute":407151,"stat.craftItem.50":80,"stat.craftItem.54":3,"stat.breakItem.268":1,"stat.killEntity.Zombie":9,"stat.craftItem.306":1,"stat.diveOneCm":38744,"stat.craftItem.307":1,"stat.craftItem.308":1,"stat.craftItem.309":0,"stat.useItem.61":1,"achievement.buildHoe":2,"stat.breakItem.256":2,"stat.mineBlock.82":19,"stat.mineBlock.86":19,"stat.jump":5377,"stat.fallOneCm":128719,"stat.craftItem.290":1,"stat.craftItem.291":1,"stat.craftItem.1":13,"stat.useItem.295":132,"stat.craftItem.5":106,"stat.damageTaken":11870,"stat.useItem.54":8,"stat.useItem.50":172,"stat.entityKilledBy.Zombie":3,"stat.damageDealt":5685,"stat.killEntity.Cow":1,"stat.mineBlock.73":9,"stat.useItem.58":1,"stat.useItem.274":220,"stat.useItem.273":137,"stat.useItem.275":105,"stat.walkOneCm":1986542,"stat.craftItem.265":72,"stat.craftItem.266":21,"stat.animalsBred":2,"stat.craftItem.268":1,"stat.playerKills":1,"stat.blockChiseled":4,"stat.craftItem.256":0,"stat.craftItem.135":0,"stat.craftItem.257":3,"stat.mineBlock.50":15,"stat.useItem.290":25,"stat.mineBlock.54":1,"stat.useItem.291":221,"stat.mineBlock.56":4,"stat.killEntity.Skeleton":5,"stat.useItem.256":511,"stat.useItem.135":15,"stat.useItem.257":688,"stat.craftItem.280":28,"stat.killEntity.Spider":1,"stat.mobKills":20,"stat.mineBlock.21":3,"stat.craftItem.272":0,"stat.craftItem.393":1,"stat.craftItem.273":1,"stat.craftItem.274":1,"stat.useItem.6":7,"stat.craftItem.278":0,"stat.useItem.268":60,"stat.useItem.4":49,"stat.useItem.5":19,"stat.craftItem.270":0,"stat.craftItem.271":1,"stat.useItem.3":210,"stat.useItem.17":3,"stat.mineBlock.30":2,"stat.useItem.270":60,"stat.useItem.391":2,"stat.mineBlock.31":131,"stat.useItem.272":19,"stat.useItem.271":65,"stat.useItem.392":1}