{"stat.useItem.355":1,"stat.useItem.61":1,"stat.useItem.359":13,"stat.craftItem.61":1,"stat.breakItem.257":1,"stat.mineBlock.86":6,"stat.mineBlock.14":2,"stat.mineBlock.13":1,"stat.craftItem.296":180,"stat.mineBlock.16":34,"stat.craftItem.297":60,"stat.mineBlock.15":16,"stat.mineBlock.18":8,"stat.mineBlock.17":19,"stat.swimOneCm":60996,"stat.jump":3496,"stat.fallOneCm":82497,"stat.climbOneCm":3845,"achievement.buildWorkBench":4,"achievement.exploreAllBiomes":{"value":0,"progress":["Sunflower Plains","Magical Forest","Eerie","Birch Forest","Extreme Hills+","Roofed Forest","Jungle","River","Forest","Plains","Extreme Hills","Swampland"]},"stat.mineBlock.12":2,"stat.entityKilledBy.Spider":1,"stat.craftItem.5":76,"stat.useItem.338":2,"stat.damageTaken":5167,"stat.mineBlock.4":4,"stat.mineBlock.5":18,"stat.mineBlock.3":45,"achievement.botania:flowerPickup":1,"stat.mineBlock.1":298,"stat.craftItem.359":1,"stat.useItem.47":1,"stat.flyOneCm":354095,"stat.useItem.50":7,"achievement.buildPickaxe":6,"stat.craftItem.355":1,"stat.entityKilledBy.Zombie":1,"stat.damageDealt":1205,"achievement.buildBetterPickaxe":4,"stat.killEntity.Cow":1,"stat.useItem.58":2,"stat.mineBlock.47":7,"stat.useItem.274":132,"stat.useItem.275":8,"stat.walkOneCm":1364754,"stat.craftItem.265":19,"stat.craftItem.266":2,"stat.playerKills":1,"stat.craftItem.20":1,"ic2.acquireRefinedIron":2,"stat.craftItem.257":2,"stat.entityKilledBy.Skeleton":3,"achievement.mineWood":19,"stat.mineBlock.50":1,"stat.craftItem.47":1,"stat.breakItem.270":1,"stat.useItem.257":241,"stat.breakItem.274":1,"achievement.openInventory":117,"stat.craftItem.280":12,"stat.craftItem.44":24,"stat.mobKills":4,"achievement.buildFurnace":2,"stat.craftItem.58":2,"stat.craftItem.274":1,"stat.useItem.6":4,"stat.deaths":6,"stat.useItem.12":1,"achievement.acquireIron":3,"stat.drop":35,"stat.mineBlock.39":1,"stat.playOneMinute":202440,"stat.useItem.4":89,"stat.useItem.5":2,"stat.mineBlock.170":35,"stat.craftItem.270":1,"stat.useItem.3":41,"stat.killEntity.Zombie":2,"stat.mineBlock.30":10,"stat.useItem.270":60,"stat.useItem.13":1,"stat.diveOneCm":64919,"stat.mineBlock.31":9}